


--restaurantsテーブル--
INSERT IGNORE INTO restaurants (restaurant_id, category_name, name, image_name, restaurant_description, lowest_price, highest_price, opening_time, closing_time, phone_number, address, regular_holiday, capacity) VALUES (1, 'うなぎ料理', 'まるや本店', 'maruya.jpg', 'うなぎの蒲焼のセットメニューや寿司を楽しめるモダンな店。テイクアウトもある。', 1000, 6000, '10:00:00', '22:00:00', '090-0000-0000', '名古屋', '毎週金曜日', 50);
INSERT IGNORE INTO restaurants (restaurant_id, category_name, name, image_name, restaurant_description, lowest_price, highest_price, opening_time, closing_time, phone_number, address, regular_holiday, capacity) VALUES (2, '和風料理', 'あつた蓬莱店', 'atsuta.jpg', '落ち着いた和風で長年の歴史を持つ老舗の鰻屋で、創業当時より継ぎ足されている秘伝のタレや備長炭で焼いたこだわりの鰻を頂ける。。', 1000, 6000, '10:00:00', '22:00:00', '090-0000-0000', '名古屋', '毎週金曜日', 50);
INSERT IGNORE INTO restaurants (restaurant_id, category_name, name, image_name, restaurant_description, lowest_price, highest_price, opening_time, closing_time, phone_number, address, regular_holiday, capacity) VALUES (3, '味噌かつ', '矢田かつ', 'yadakatsu.jpg', '「矢田かつ」は、ナゴヤドーム前矢田駅から徒歩6分ほどの場所にある定食屋さんです。', 1000, 6000, '10:00:00', '22:00:00', '090-0000-0000', '名古屋', '毎週金曜日', 50);
INSERT IGNORE INTO restaurants (restaurant_id, category_name, name, image_name, restaurant_description, lowest_price, highest_price, opening_time, closing_time, phone_number, address, regular_holiday, capacity) VALUES (4, '洋食', 'ちかさんの手料理', 'chika.jpg', '「ちかさんの手料理」は、神宮前駅から徒歩3分ほどの場所にあるレストランです。', 1000, 6000, '10:00:00', '22:00:00', '090-0000-0000', '名古屋', '毎週金曜日', 50);
INSERT IGNORE INTO restaurants (restaurant_id, category_name, name, image_name, restaurant_description, lowest_price, highest_price, opening_time, closing_time, phone_number, address, regular_holiday, capacity) VALUES (5, '味噌かつ', '味処 叶', 'kanau.jpg', '「味処 叶」は、矢場町駅より徒歩6分ほどの場所にある定食屋さんです。。', 1000, 6000, '10:00:00', '22:00:00', '090-0000-0000','名古屋', '毎週金曜日', 50);
INSERT IGNORE INTO restaurants (restaurant_id, category_name, name, image_name, restaurant_description, lowest_price, highest_price, opening_time, closing_time, phone_number, address, regular_holiday, capacity) VALUES (6, 'とんかつ', 'とん八', 'tonpati.jpg', '「とん八」は、鶴舞駅から徒歩4分ほどの場所にあるとんかつ屋さんです。', 1000, 6000, '10:00:00', '22:00:00', '090-0000-0000', '名古屋', '毎週金曜日', 50);
INSERT IGNORE INTO restaurants (restaurant_id, category_name, name, image_name, restaurant_description, lowest_price, highest_price, opening_time, closing_time, phone_number, address, regular_holiday, capacity) VALUES (7, 'とんかつ', 'MOBU', 'mobu.jpg', '「MOBU」は、名古屋競馬場前駅から徒歩12分ほどの場所にあるとんかつ屋さんです。', 1000, 6000, '10:00:00', '22:00:00', '090-0000-0000', '名古屋', '毎週金曜日', 50);
INSERT IGNORE INTO restaurants (restaurant_id, category_name, name, image_name, restaurant_description, lowest_price, highest_price, opening_time, closing_time, phone_number, address, regular_holiday, capacity) VALUES (8, '定食', '酒津屋 中店', 'sakatsu.jpg', '「酒津屋 中店」は栄駅から歩いて1分ほど、森の地下街、南一番街にある定食屋さんです。', 1000, 6000, '10:00:00', '22:00:00', '090-0000-0000','名古屋', '毎週金曜日', 50);
INSERT IGNORE INTO restaurants (restaurant_id, category_name, name, image_name, restaurant_description, lowest_price, highest_price, opening_time, closing_time, phone_number, address, regular_holiday, capacity) VALUES (9, 'ひつまぶし', 'うな富士', 'unafuzi.jpg', '「うな富士」は、鶴舞駅から徒歩10分ほどの場所にあるうなぎ料理店です。', 1000, 6000, '10:00:00', '22:00:00', '090-0000-0000','名古屋', '毎週金曜日', 50);
INSERT IGNORE INTO restaurants (restaurant_id, category_name, name, image_name, restaurant_description, lowest_price, highest_price, opening_time, closing_time, phone_number, address, regular_holiday, capacity) VALUES (10, 'うなぎ料理', 'イチビキ', 'ithibiki.jpg', '「イチビキ」は、名古屋駅サンロード6番出口から徒歩8分ほどの場所にあるうなぎ料理店です。', 1000, 6000, '10:00:00', '22:00:00', '090-0000-0000','名古屋', '毎週金曜日', 50);
INSERT IGNORE INTO restaurants (restaurant_id, category_name, name, image_name, restaurant_description, lowest_price, highest_price, opening_time, closing_time, phone_number, address, regular_holiday, capacity) VALUES (11, 'うどん', 'めん専門店 味良', 'aziryou.jpg', '「めん専門店 味良」は、黒川駅から車で7分ほどの場所にあるうどん屋さんです。', 1000, 6000, '10:00:00', '22:00:00', '090-0000-0000','名古屋', '毎週金曜日', 50);
INSERT IGNORE INTO restaurants (restaurant_id, category_name, name, image_name, restaurant_description, lowest_price, highest_price, opening_time, closing_time, phone_number, address, regular_holiday, capacity) VALUES (12, '喫茶店', 'コーヒーショップ カコ 花車本店', 'hanaguruma.jpg', '「コーヒーショップ カコ 花車本店」は、国際センター駅から徒歩3分ほどの場所にある喫茶店です。', 1000, 6000, '10:00:00', '22:00:00', '090-0000-0000', '名古屋', '毎週金曜日', 50);
INSERT IGNORE INTO restaurants (restaurant_id, category_name, name, image_name, restaurant_description, lowest_price, highest_price, opening_time, closing_time, phone_number, address, regular_holiday, capacity) VALUES (13, '郷土料理', '名古屋名物 名古屋めし食堂 丸八', 'maruhachi.jpg', '「名古屋名物 名古屋めし食堂 丸八」は、名古屋駅から徒歩6分ほどの場所にある郷土料理店です。', 1000, 6000, '10:00:00', '22:00:00', '090-0000-0000', '名古屋', '毎週金曜日', 50);

--categoriesテーブル--
INSERT IGNORE INTO categories (id, category_name) VALUES (1, 'うなぎ料理');
INSERT IGNORE INTO categories (id, category_name) VALUES (2, '和風料理');
INSERT IGNORE INTO categories (id, category_name) VALUES (3, '味噌かつ');
INSERT IGNORE INTO categories (id, category_name) VALUES (4, '洋食');
INSERT IGNORE INTO categories (id, category_name) VALUES (5, '定食');
INSERT IGNORE INTO categories (id, category_name) VALUES (6, 'ひつまぶし');
INSERT IGNORE INTO categories (id, category_name) VALUES (7, 'うどん');
INSERT IGNORE INTO categories (id, category_name) VALUES (8, '喫茶店');
INSERT IGNORE INTO categories (id, category_name) VALUES (9, '郷土料理');
INSERT IGNORE INTO categories (id, category_name) VALUES (10, 'とんかつ');



--reviewsテーブル--
INSERT IGNORE INTO reviews (id, user_id, restaurant_id, sentense, score) VALUES (1, 1, 1, '美味しかったです', 1);
INSERT IGNORE INTO reviews (id, user_id, restaurant_id, sentense, score) VALUES (2, 2, 2, 'まずかったです', 2);
INSERT IGNORE INTO reviews (id, user_id, restaurant_id, sentense, score) VALUES (3, 3, 3, '微妙', 3);
INSERT IGNORE INTO reviews (id, user_id, restaurant_id, sentense, score) VALUES (4, 4, 4, '返金レベル', 4);
INSERT IGNORE INTO reviews (id, user_id, restaurant_id, sentense, score) VALUES (5, 5, 5, '最高！', 5);
INSERT IGNORE INTO reviews (id, user_id, restaurant_id, sentense, score) VALUES (6, 6, 6, 'よかったです', 4);
INSERT IGNORE INTO reviews (id, user_id, restaurant_id, sentense, score) VALUES (7, 7, 7, '雰囲気も味もよかった', 5);
INSERT IGNORE INTO reviews (id, user_id, restaurant_id, sentense, score) VALUES (8, 8, 8, '食中毒になった', 1);
INSERT IGNORE INTO reviews (id, user_id, restaurant_id, sentense, score) VALUES (9, 9, 9, 'また行きたいです', 3);
INSERT IGNORE INTO reviews (id, user_id, restaurant_id, sentense, score) VALUES (10, 10, 10, 'うーん', 2);
INSERT IGNORE INTO reviews (id, user_id, restaurant_id, sentense, score) VALUES (11, 11, 11, 'メニュー写真と実際に見た料理のボリューム感が全然違った', 1);
INSERT IGNORE INTO reviews (id, user_id, restaurant_id, sentense, score) VALUES (12, 12, 12, '予約したのに待たされた', 1);
INSERT IGNORE INTO reviews (id, user_id, restaurant_id, sentense, score) VALUES (13, 13, 13, '来週も行きます', 1);

--rolesテーブル--
INSERT IGNORE INTO roles (id, name) VALUES (1, 'ROLE_GENERAL');
INSERT IGNORE INTO roles (id, name) VALUES (2, 'ROLE_SUBSCRIBER');
INSERT IGNORE INTO roles (id, name) VALUES (3, 'ROLE_ADMIN');

--usersテーブル--
INSERT IGNORE INTO users (id, role_id, name, kana, email, password, address, phone_number,enabled) VALUES (1, 1, '太郎', 'タロウ', 'sample@gmail.com', 'aoyama1093', '厚木市飯山', '090-0000-0000',true);
INSERT IGNORE INTO users (id, role_id, name, kana, email, password, address, phone_number,enabled) VALUES (2, 1, '次郎', 'ジロウ', 'jiro@gmail.com', 'aoyama1093', '厚木市飯山', '090-0000-0000',true);
INSERT IGNORE INTO users (id, role_id, name, kana, email, password, address, phone_number,enabled) VALUES (3, 1, '三郎', 'サブロウ', 'saburo@gmail.com', 'aoyama1093', '厚木市恩名', '090-0000-0000',true);
INSERT IGNORE INTO users (id, role_id, name, kana, email, password, address, phone_number,enabled) VALUES (4, 2, '四郎', 'シロウ', 'siro@gmail.com', 'aoyama1093', '厚木市東', '090-0000-0000',true);
INSERT IGNORE INTO users (id, role_id, name, kana, email, password, address, phone_number,enabled) VALUES (5, 3, '五郎', 'ゴロウ', 'goro@gmail.com', 'aoyama1093', '厚木市西', '090-0000-0000',true);
INSERT IGNORE INTO users (id, role_id, name, kana, email, password, address, phone_number,enabled) VALUES (6, 1, '六郎', 'ゴロウ', 'rokuro@gmail.com', '$2a$10$2JNjTwZBwo7fprL2X4sv.OEKqxnVtsVQvuXDkI8xVGix.U3W5B7CO', '厚木市西', '090-0000-0000',true);
INSERT IGNORE INTO users (id, role_id, name, kana, email, password, address, phone_number,enabled) VALUES (7, 3, '七郎', 'ナナロウ', 'nana@gmail.com', '$2a$10$2JNjTwZBwo7fprL2X4sv.OEKqxnVtsVQvuXDkI8xVGix.U3W5B7CO', '厚木市西', '090-0000-0000',true);
INSERT IGNORE INTO users (id, role_id, name, kana, email, password, address, phone_number,enabled) VALUES (10, 2, '八郎', 'ハチロウ', 'hati@gmail.com', '$2a$10$2JNjTwZBwo7fprL2X4sv.OEKqxnVtsVQvuXDkI8xVGix.U3W5B7CO', '厚木市西', '090-0000-0000',true);
INSERT IGNORE INTO users (id, role_id, name, kana, email, password, address, phone_number,enabled) VALUES (18, 1, '九郎', 'クロウ', 'kyu@gmail.com', '$2a$10$2JNjTwZBwo7fprL2X4sv.OEKqxnVtsVQvuXDkI8xVGix.U3W5B7CO', '厚木市西', '090-0000-0000',true);
INSERT IGNORE INTO users (id, role_id, name, kana, email, password, address, phone_number,enabled) VALUES (19, 1, 'アップグレードテスト', 'アップグレードテスト', 'upgrade@test.com', '$2a$10$2JNjTwZBwo7fprL2X4sv.OEKqxnVtsVQvuXDkI8xVGix.U3W5B7CO', '厚木市西', '090-0000-0000',true);

--reservationテーブル--
INSERT IGNORE INTO reservations (id, restaurant_id, user_id, reservation_datetime, reservation_time, number_of_people) VALUES (1, 1, 1, '2023-04-01', '11:00', 2);
INSERT IGNORE INTO reservations (id, restaurant_id, user_id, reservation_datetime, reservation_time, number_of_people) VALUES (2, 2, 1, '2023-04-01', '12:00', 3);
INSERT IGNORE INTO reservations (id, restaurant_id, user_id, reservation_datetime, reservation_time, number_of_people) VALUES (3, 3, 1, '2023-04-01', '13:00', 4);
INSERT IGNORE INTO reservations (id, restaurant_id, user_id, reservation_datetime, reservation_time, number_of_people) VALUES (4, 4, 1, '2023-04-01', '12:00', 5);
INSERT IGNORE INTO reservations (id, restaurant_id, user_id, reservation_datetime, reservation_time, number_of_people) VALUES (5, 5, 1, '2023-04-01', '11:00', 6);
INSERT IGNORE INTO reservations (id, restaurant_id, user_id, reservation_datetime, reservation_time, number_of_people) VALUES (6, 6, 1, '2023-04-01', '11:00', 2);
INSERT IGNORE INTO reservations (id, restaurant_id, user_id, reservation_datetime, reservation_time, number_of_people) VALUES (7, 7, 1, '2023-04-01', '12:00', 3);
INSERT IGNORE INTO reservations (id, restaurant_id, user_id, reservation_datetime, reservation_time, number_of_people) VALUES (8, 8, 1, '2023-04-01', '14:00', 4);
INSERT IGNORE INTO reservations (id, restaurant_id, user_id, reservation_datetime, reservation_time, number_of_people) VALUES (9, 9, 1, '2023-04-01', '19:00', 5);
INSERT IGNORE INTO reservations (id, restaurant_id, user_id, reservation_datetime, reservation_time, number_of_people) VALUES (10, 10, 1, '2023-04-01', '18:00', 6);
INSERT IGNORE INTO reservations (id, restaurant_id, user_id, reservation_datetime, reservation_time, number_of_people) VALUES (11, 11, 1, '2023-04-01', '11:00', 2);
INSERT IGNORE INTO reservations (id, restaurant_id, user_id, reservation_datetime, reservation_time, number_of_people) VALUES (12, 12, 6, '2023-04-01', '11:00', 2);
